{
    "accuracy_score": 0.8494167550371156,
    "f1_score": 0.8494167550371156,
    "precision_score": 0.8494167550371156,
    "recall_score": 0.8494167550371156
}