{
    "accuracy_score": 0.8419936373276776,
    "f1_score": 0.8419936373276775,
    "precision_score": 0.8419936373276776,
    "recall_score": 0.8419936373276776
}