{
    "accuracy_score": 0.8504772004241782,
    "f1_score": 0.8504772004241782,
    "precision_score": 0.8504772004241782,
    "recall_score": 0.8504772004241782
}