{
  "fileName" : "data/test-tweets/smol/10.jsonl",
  "tweets" : [ {
    "tweet_id" : 1133705772246786049,
    "tweet_text" : "[waking, smoky, sunrise, calgary, eery, beautiful, yycweather, sunrise, abfire]",
    "features" : {
      "numb_of_urls" : null,
      "numb_of_hashtags" : 3.0,
      "numb_of_personal_pronouns" : 0.0,
      "numb_of_present_tenses" : 0.0,
      "weighted_length" : 115.0,
      "permillage" : 410.0,
      "tweet_created_at" : 1.559131493E12,
      "tweet_id_str" : 1.13370577224678605E18,
      "positive_sentiment" : 0.0,
      "negative_sentiment" : 0.0,
      "numb_of_mentions" : 0.0,
      "numb_of_media" : 1.0,
      "numb_of_past_tenses" : 0.0,
      "numb_of_weird_chars" : 18.0,
      "numb_of_questions" : 0.0,
      "numb_of_emoticons" : 0.0,
      "numb_of_swearing_word" : 0.0,
      "numb_of_slang_words" : 0.0,
      "numb_of_intensifiers" : 0.0,
      "tweet_length" : 79.0,
      "userFollowersCount" : 15.0,
      "userFriendsCount" : 81.0,
      "user_numb_of_tweets" : 0.0,
      "user_list_count" : 0.0,
      "dict_precision" : 0.0,
      "dict_recall" : 0.0,
      "dict_f_measure" : 0.0,
      "offset" : 0.0,
      "is_verified" : 0.0
    },
    "tfIdf" : {
      "beautiful" : 0.12206803,
      "sunrise" : 0.24413607,
      "smoky" : 0.12206803,
      "eery" : 0.12206803,
      "waking" : 0.12206803,
      "abfire" : 0.04505168,
      "yycweather" : 0.12206803,
      "calgary" : 0.12206803
    },
    "offset" : 511147.0,
    "sentiment" : " -0.15 , 0.04 , 0.12 , -0.01 , 0.03 , -0.00 , 0.01 , -0.55 , 0.02 , 0.01 , -0.18 , -0.17 , 0.01 , 0.05 , 0.25 , 0.04 , -0.06 , -0.03 , -0.12 , 0.17 , 0.54 , 0.04 , -0.20 , -0.16 , -0.10 ",
    "embeddings" : "{-0.15951204,4.9538403,-6.077219,4.3047266,5.9014306,1.5473081,-5.7867303,-3.84245,-1.7952269,-0.07392007,0.2751959,-3.7325518,-0.5694299,-1.6754601,-0.04963979,1.4664811,-1.30269,2.7158072,-8.606294,-2.5790496,0.607005,8.481001,1.332468,-0.38624007,0.46727413,-11.754698,-0.10062796,5.9078608,2.9844618,-3.9468596,32.92764,-0.36361,-0.26770803,-2.299968,1.3620098,-3.7545211,-0.47710803,-0.33235994,7.0008802,4.08499,-1.2949626,4.3331995,0.4617402,-4.0654397,-0.057700038,4.974061,-2.2139752,-8.141942,0.31965557,2.302036,}"
  }, {
    "tweet_id" : 1134018172309295104,
    "tweet_text" : "[breaking, hundreds, evacuees, calling, lake, mandatory, evacuation, called, wabasca, abfire, alberta]",
    "features" : {
      "numb_of_urls" : null,
      "numb_of_hashtags" : 2.0,
      "numb_of_personal_pronouns" : 0.0,
      "numb_of_present_tenses" : 0.0,
      "weighted_length" : 133.0,
      "permillage" : 475.0,
      "tweet_created_at" : 1.559205975E12,
      "tweet_id_str" : 1.1340181723092951E18,
      "positive_sentiment" : 0.0,
      "negative_sentiment" : 0.0,
      "numb_of_mentions" : 0.0,
      "numb_of_media" : 0.0,
      "numb_of_past_tenses" : 0.0,
      "numb_of_weird_chars" : 22.0,
      "numb_of_questions" : 0.0,
      "numb_of_emoticons" : 0.0,
      "numb_of_swearing_word" : 0.0,
      "numb_of_slang_words" : 0.0,
      "numb_of_intensifiers" : 0.0,
      "tweet_length" : 102.0,
      "userFollowersCount" : 865.0,
      "userFriendsCount" : 50.0,
      "user_numb_of_tweets" : 0.0,
      "user_list_count" : 30.0,
      "dict_precision" : 0.0,
      "dict_recall" : 0.0,
      "dict_f_measure" : 0.0,
      "offset" : 0.0,
      "is_verified" : 0.0
    },
    "tfIdf" : {
      "evacuation" : 0.10986123,
      "evacuees" : 0.10986123,
      "wabasca" : 0.10986123,
      "calling" : 0.10986123,
      "hundreds" : 0.10986123,
      "abfire" : 0.04054651,
      "alberta" : 0.04054651,
      "mandatory" : 0.10986123,
      "lake" : 0.10986123,
      "breaking" : 0.10986123
    },
    "offset" : 585629.0,
    "sentiment" : " 0.11 , 0.11 , 0.19 , -0.17 , 0.02 , 0.08 , 0.29 , -0.78 , -0.06 , 0.31 , -0.46 , -0.57 , -0.10 , 0.28 , 0.23 , -0.38 , -0.15 , -0.12 , -0.06 , 0.51 , 0.74 , 0.22 , -0.50 , -0.44 , -0.05 ",
    "embeddings" : "{4.8973007,3.784,-1.0945002,0.39086986,2.3727977,2.7782598,-8.087481,-2.4906354,-0.21939987,-4.311203,-0.824427,-3.4296637,1.9775457,-5.2108,3.99621,0.7732711,0.800815,0.3171973,-5.2727504,-3.8357427,1.574891,4.2733374,1.4259802,-1.6967797,-1.416704,-21.921413,2.8344934,1.173357,0.979653,-2.912598,49.750816,-0.76247203,-3.5242891,-4.0944295,2.0267618,-1.5628241,2.2771358,-1.5126202,6.849824,6.913572,-3.6692889,8.089208,5.7857895,-4.588075,1.8314489,3.178474,-7.848982,-5.4211254,-1.8099834,2.1261501,}"
  }, {
    "tweet_id" : 1131561862343086081,
    "tweet_text" : "[level, wildfire, crews, fight, fire, fire, protect, alberta, town]",
    "features" : {
      "numb_of_urls" : null,
      "numb_of_hashtags" : 0.0,
      "numb_of_personal_pronouns" : 0.0,
      "numb_of_present_tenses" : 0.0,
      "weighted_length" : 94.0,
      "permillage" : 335.0,
      "tweet_created_at" : 1.558620346E12,
      "tweet_id_str" : 1.13156186234308608E18,
      "positive_sentiment" : 0.0,
      "negative_sentiment" : 0.0,
      "numb_of_mentions" : 0.0,
      "numb_of_media" : 0.0,
      "numb_of_past_tenses" : 0.0,
      "numb_of_weird_chars" : 18.0,
      "numb_of_questions" : 0.0,
      "numb_of_emoticons" : 0.0,
      "numb_of_swearing_word" : 0.0,
      "numb_of_slang_words" : 0.0,
      "numb_of_intensifiers" : 0.0,
      "tweet_length" : 67.0,
      "userFollowersCount" : 1295.0,
      "userFriendsCount" : 1348.0,
      "user_numb_of_tweets" : 0.0,
      "user_list_count" : 57.0,
      "dict_precision" : 0.0,
      "dict_recall" : 0.0,
      "dict_f_measure" : 0.0,
      "offset" : 0.0,
      "is_verified" : 1.0
    },
    "tfIdf" : {
      "town" : 0.15694462,
      "level" : 0.15694462,
      "wildfire" : 0.15694462,
      "crews" : 0.15694462,
      "protect" : 0.15694462,
      "alberta" : 0.05792359,
      "fight" : 0.15694462
    },
    "offset" : 0.0,
    "sentiment" : " -0.10 , 0.05 , 0.13 , -0.11 , 0.08 , 0.03 , 0.08 , -0.33 , 0.05 , 0.10 , -0.22 , -0.11 , -0.02 , 0.07 , -0.06 , -0.04 , -0.06 , 0.07 , -0.06 , 0.13 , 0.26 , 0.12 , -0.11 , -0.11 , 0.02 ",
    "embeddings" : "{2.484168,-1.511608,0.5945859,2.2368658,2.267318,3.610621,-6.8956103,-2.2505448,0.4646202,-6.436891,0.67332,-3.5809176,-3.362003,-4.070608,0.5537801,0.43262404,1.391273,2.9687624,-8.820869,-3.9391425,-0.18618992,5.6194496,1.5282491,-2.609719,-0.953059,-20.421713,1.7801496,0.0048219264,4.701922,-2.5904996,43.813908,-0.6660935,-4.7359443,-5.88688,-0.77264714,1.6481798,-0.9341301,-1.9793097,8.58362,4.020782,-3.0584657,4.392426,4.4417276,-5.3662395,4.26566,4.687412,-5.6803927,-6.989815,0.22400203,1.131497,}"
  } ]
}
