{
  "fileName" : "data/test-tweets/smol/10.jsonl",
  "tweets" : [ {
    "tweet_id" : 1133705772246786049,
    "tweet_text" : "[waking, to, smoky, sunrise, in, calgary, today, eery, but, beautiful, yycweather, sunrise, abfire]",
    "features" : {
      "numb_of_urls" : null,
      "numb_of_hashtags" : 3.0,
      "numb_of_personal_pronouns" : 0.0,
      "numb_of_present_tenses" : 0.0,
      "weighted_length" : 115.0,
      "permillage" : 410.0,
      "tweet_created_at" : 1.559131493E12,
      "tweet_id_str" : 1.13370577224678605E18,
      "positive_sentiment" : 0.0,
      "negative_sentiment" : 0.0,
      "numb_of_mentions" : 0.0,
      "numb_of_media" : 1.0,
      "numb_of_past_tenses" : 0.0,
      "numb_of_weird_chars" : 26.0,
      "numb_of_questions" : 0.0,
      "numb_of_emoticons" : 0.0,
      "numb_of_swearing_word" : 0.0,
      "numb_of_slang_words" : 0.0,
      "numb_of_intensifiers" : 0.0,
      "tweet_length" : 99.0,
      "userFollowersCount" : 15.0,
      "userFriendsCount" : 81.0,
      "user_numb_of_tweets" : 0.0,
      "user_list_count" : 0.0,
      "dict_precision" : 0.0,
      "dict_recall" : 0.0,
      "dict_f_measure" : 0.0,
      "offset" : 0.0,
      "is_verified" : 0.0
    },
    "sentiment" : "Type = dense , numRows = 25 , numCols = 1, 0.122  ,-0.035  , 0.023  , 0.043  , 0.074  , 0.119  , 0.190  , 0.074  ,-0.026  , 0.248  ,-0.232  ,-0.133  ,-0.082  , 0.049  ,-0.316  ,-0.080  , 0.004  , 0.259  , 0.137  , 0.212  , 0.160  , 0.125  , 0.012  ,-0.189  , 0.237  ,",
    "embeddings" : "{1.2647595,6.2728376,-7.1894736,5.9004874,10.113872,2.9808736,-9.744691,-6.116679,-4.8390937,-1.5898432,1.0604708,-4.837658,-3.4833102,-5.26243,3.0763698,3.6235101,-2.0395958,2.6057432,-12.213672,-4.0175796,1.856195,11.0146,3.4724574,-1.2991872,0.8628202,-25.229202,-0.456288,6.0469007,3.243775,-5.7250175,62.113438,-0.24872008,-1.4242822,-4.3674846,2.7141402,-6.357745,-0.91626406,2.3985891,10.291761,5.702379,-2.9489655,7.143157,2.24144,-5.9491496,0.20514616,7.652661,-4.7199254,-10.485669,0.31027463,2.9744642,}"
  }, {
    "tweet_id" : 1134018172309295104,
    "tweet_text" : "[breaking, hundreds, of, evacuees, in, calling, lake, after, mandatory, evacuation, called, in, wabasca, abfire, alberta]",
    "features" : {
      "numb_of_urls" : null,
      "numb_of_hashtags" : 2.0,
      "numb_of_personal_pronouns" : 0.0,
      "numb_of_present_tenses" : 0.0,
      "weighted_length" : 133.0,
      "permillage" : 475.0,
      "tweet_created_at" : 1.559205975E12,
      "tweet_id_str" : 1.1340181723092951E18,
      "positive_sentiment" : 0.0,
      "negative_sentiment" : 0.0,
      "numb_of_mentions" : 0.0,
      "numb_of_media" : 0.0,
      "numb_of_past_tenses" : 0.0,
      "numb_of_weird_chars" : 30.0,
      "numb_of_questions" : 0.0,
      "numb_of_emoticons" : 0.0,
      "numb_of_swearing_word" : 0.0,
      "numb_of_slang_words" : 0.0,
      "numb_of_intensifiers" : 0.0,
      "tweet_length" : 121.0,
      "userFollowersCount" : 865.0,
      "userFriendsCount" : 50.0,
      "user_numb_of_tweets" : 0.0,
      "user_list_count" : 30.0,
      "dict_precision" : 0.0,
      "dict_recall" : 0.0,
      "dict_f_measure" : 0.0,
      "offset" : 0.0,
      "is_verified" : 0.0
    },
    "sentiment" : "Type = dense , numRows = 25 , numCols = 1, 0.076  , 0.155  , 0.128  ,-0.174  ,-0.006  , 0.082  , 0.224  ,-0.780  ,-0.094  , 0.269  ,-0.411  ,-0.546  ,-0.102  , 0.172  , 0.272  ,-0.318  ,-0.127  ,-0.146  ,-0.100  , 0.442  , 0.726  , 0.164  ,-0.493  ,-0.409  ,-0.087  ,",
    "embeddings" : "{6.7035856,5.4459605,-3.5878396,2.23258,5.5901413,5.92933,-11.709302,-4.5590634,-2.1840239,-6.329592,0.073544994,-6.0008397,-1.6649837,-9.487949,6.793611,1.0066829,-0.9151002,0.20718431,-11.03334,-3.2258065,3.8518617,6.390318,3.2841709,-3.075664,-2.7411485,-35.45931,2.4944935,1.0840619,0.30422384,-3.54873,78.951225,-1.5504119,-4.4002995,-6.6103463,3.7946525,-3.0262296,1.6025237,0.9481143,10.936804,9.073911,-5.8020577,11.0555525,6.770651,-7.600773,1.441968,5.652557,-9.946362,-9.352886,-1.6428734,0.69507027,}"
  }, {
    "tweet_id" : 1131561862343086081,
    "tweet_text" : "[high, level, wildfire, crews, fight, fire, with, fire, to, protect, alberta, town]",
    "features" : {
      "numb_of_urls" : null,
      "numb_of_hashtags" : 0.0,
      "numb_of_personal_pronouns" : 0.0,
      "numb_of_present_tenses" : 0.0,
      "weighted_length" : 94.0,
      "permillage" : 335.0,
      "tweet_created_at" : 1.558620346E12,
      "tweet_id_str" : 1.13156186234308608E18,
      "positive_sentiment" : 0.0,
      "negative_sentiment" : 0.0,
      "numb_of_mentions" : 0.0,
      "numb_of_media" : 0.0,
      "numb_of_past_tenses" : 0.0,
      "numb_of_weird_chars" : 24.0,
      "numb_of_questions" : 0.0,
      "numb_of_emoticons" : 0.0,
      "numb_of_swearing_word" : 0.0,
      "numb_of_slang_words" : 0.0,
      "numb_of_intensifiers" : 0.0,
      "tweet_length" : 83.0,
      "userFollowersCount" : 1295.0,
      "userFriendsCount" : 1348.0,
      "user_numb_of_tweets" : 0.0,
      "user_list_count" : 57.0,
      "dict_precision" : 0.0,
      "dict_recall" : 0.0,
      "dict_f_measure" : 0.0,
      "offset" : 0.0,
      "is_verified" : 1.0
    },
    "sentiment" : "Type = dense , numRows = 25 , numCols = 1, 0.129  , 0.007  ,-0.035  , 0.145  ,-0.031  , 0.362  ,-0.029  , 0.464  ,-0.144  , 0.215  ,-0.048  , 0.018  ,-0.062  ,-0.255  ,-0.558  ,-0.012  , 0.136  , 0.474  , 0.235  , 0.002  , 0.010  ,-0.023  , 0.366  ,-0.010  , 0.193  ,",
    "embeddings" : "{3.0761213,0.63012886,0.45610583,3.0345457,5.3126583,5.115637,-8.481281,-4.2579045,-1.4793799,-7.331464,1.578051,-3.9504197,-5.6196837,-5.845038,1.705144,1.3854672,1.210937,3.1309624,-11.6109295,-5.8542933,0.82996005,7.55116,3.5059586,-3.6834087,-1.6824709,-29.523014,2.9955,0.08362196,4.4115677,-3.4055898,66.1554,0.41373646,-5.3698025,-7.865085,0.866663,0.7386596,-1.2107,-0.29257074,11.042505,4.505044,-3.7284465,6.1179304,5.9388685,-6.583569,4.5454297,5.728081,-6.189463,-8.175672,0.26854604,1.234297,}"
  } ]
}
