{
  "fileName" : "data/test-tweets/smol/10.jsonl",
  "tweets" : [ {
    "tweet_id" : 1133705772246786049,
    "tweet_text" : "[waking, smoky, sunrise, calgary, eery, beautiful, yycweather, sunrise, abfire]",
    "features" : {
      "numb_of_urls" : null,
      "numb_of_hashtags" : 3.0,
      "numb_of_personal_pronouns" : 0.0,
      "numb_of_present_tenses" : 0.0,
      "weighted_length" : 115.0,
      "permillage" : 410.0,
      "tweet_created_at" : 1.559131493E12,
      "tweet_id_str" : 1.13370577224678605E18,
      "positive_sentiment" : 0.0,
      "negative_sentiment" : 0.0,
      "numb_of_mentions" : 0.0,
      "numb_of_media" : 1.0,
      "numb_of_past_tenses" : 0.0,
      "numb_of_weird_chars" : 18.0,
      "numb_of_questions" : 0.0,
      "numb_of_emoticons" : 0.0,
      "numb_of_swearing_word" : 0.0,
      "numb_of_slang_words" : 0.0,
      "numb_of_intensifiers" : 0.0,
      "tweet_length" : 79.0,
      "userFollowersCount" : 15.0,
      "userFriendsCount" : 81.0,
      "user_numb_of_tweets" : 0.0,
      "user_list_count" : 0.0,
      "dict_precision" : 0.0,
      "dict_recall" : 0.0,
      "dict_f_measure" : 0.0,
      "offset" : 0.0,
      "is_verified" : 0.0
    },
    "embeddings" : "{-0.15951204,4.9538403,-6.077219,4.3047266,5.9014306,1.5473081,-5.7867303,-3.84245,-1.7952269,-0.07392007,0.2751959,-3.7325518,-0.5694299,-1.6754601,-0.04963979,1.4664811,-1.30269,2.7158072,-8.606294,-2.5790496,0.607005,8.481001,1.332468,-0.38624007,0.46727413,-11.754698,-0.10062796,5.9078608,2.9844618,-3.9468596,32.92764,-0.36361,-0.26770803,-2.299968,1.3620098,-3.7545211,-0.47710803,-0.33235994,7.0008802,4.08499,-1.2949626,4.3331995,0.4617402,-4.0654397,-0.057700038,4.974061,-2.2139752,-8.141942,0.31965557,2.302036,}",
    "sentiment" : "Type = dense , numRows = 25 , numCols = 1,-0.155  , 0.036  , 0.120  ,-0.014  , 0.027  ,-0.003  , 0.013  ,-0.552  , 0.023  , 0.014  ,-0.184  ,-0.169  , 0.009  , 0.051  , 0.245  , 0.038  ,-0.063  ,-0.027  ,-0.118  , 0.170  , 0.536  , 0.040  ,-0.199  ,-0.165  ,-0.105  ,"
  }, {
    "tweet_id" : 1134018172309295104,
    "tweet_text" : "[breaking, hundreds, evacuees, calling, lake, mandatory, evacuation, called, wabasca, abfire, alberta]",
    "features" : {
      "numb_of_urls" : null,
      "numb_of_hashtags" : 2.0,
      "numb_of_personal_pronouns" : 0.0,
      "numb_of_present_tenses" : 0.0,
      "weighted_length" : 133.0,
      "permillage" : 475.0,
      "tweet_created_at" : 1.559205975E12,
      "tweet_id_str" : 1.1340181723092951E18,
      "positive_sentiment" : 0.0,
      "negative_sentiment" : 0.0,
      "numb_of_mentions" : 0.0,
      "numb_of_media" : 0.0,
      "numb_of_past_tenses" : 0.0,
      "numb_of_weird_chars" : 22.0,
      "numb_of_questions" : 0.0,
      "numb_of_emoticons" : 0.0,
      "numb_of_swearing_word" : 0.0,
      "numb_of_slang_words" : 0.0,
      "numb_of_intensifiers" : 0.0,
      "tweet_length" : 102.0,
      "userFollowersCount" : 865.0,
      "userFriendsCount" : 50.0,
      "user_numb_of_tweets" : 0.0,
      "user_list_count" : 30.0,
      "dict_precision" : 0.0,
      "dict_recall" : 0.0,
      "dict_f_measure" : 0.0,
      "offset" : 0.0,
      "is_verified" : 0.0
    },
    "embeddings" : "{4.8973007,3.784,-1.0945002,0.39086986,2.3727977,2.7782598,-8.087481,-2.4906354,-0.21939987,-4.311203,-0.824427,-3.4296637,1.9775457,-5.2108,3.99621,0.7732711,0.800815,0.3171973,-5.2727504,-3.8357427,1.574891,4.2733374,1.4259802,-1.6967797,-1.416704,-21.921413,2.8344934,1.173357,0.979653,-2.912598,49.750816,-0.76247203,-3.5242891,-4.0944295,2.0267618,-1.5628241,2.2771358,-1.5126202,6.849824,6.913572,-3.6692889,8.089208,5.7857895,-4.588075,1.8314489,3.178474,-7.848982,-5.4211254,-1.8099834,2.1261501,}",
    "sentiment" : "Type = dense , numRows = 25 , numCols = 1, 0.106  , 0.108  , 0.190  ,-0.172  , 0.018  , 0.076  , 0.294  ,-0.781  ,-0.061  , 0.313  ,-0.463  ,-0.567  ,-0.103  , 0.280  , 0.234  ,-0.375  ,-0.148  ,-0.118  ,-0.064  , 0.511  , 0.738  , 0.221  ,-0.498  ,-0.437  ,-0.048  ,"
  }, {
    "tweet_id" : 1131561862343086081,
    "tweet_text" : "[level, wildfire, crews, fight, fire, fire, protect, alberta, town]",
    "features" : {
      "numb_of_urls" : null,
      "numb_of_hashtags" : 0.0,
      "numb_of_personal_pronouns" : 0.0,
      "numb_of_present_tenses" : 0.0,
      "weighted_length" : 94.0,
      "permillage" : 335.0,
      "tweet_created_at" : 1.558620346E12,
      "tweet_id_str" : 1.13156186234308608E18,
      "positive_sentiment" : 0.0,
      "negative_sentiment" : 0.0,
      "numb_of_mentions" : 0.0,
      "numb_of_media" : 0.0,
      "numb_of_past_tenses" : 0.0,
      "numb_of_weird_chars" : 18.0,
      "numb_of_questions" : 0.0,
      "numb_of_emoticons" : 0.0,
      "numb_of_swearing_word" : 0.0,
      "numb_of_slang_words" : 0.0,
      "numb_of_intensifiers" : 0.0,
      "tweet_length" : 67.0,
      "userFollowersCount" : 1295.0,
      "userFriendsCount" : 1348.0,
      "user_numb_of_tweets" : 0.0,
      "user_list_count" : 57.0,
      "dict_precision" : 0.0,
      "dict_recall" : 0.0,
      "dict_f_measure" : 0.0,
      "offset" : 0.0,
      "is_verified" : 1.0
    },
    "embeddings" : "{2.484168,-1.511608,0.5945859,2.2368658,2.267318,3.610621,-6.8956103,-2.2505448,0.4646202,-6.436891,0.67332,-3.5809176,-3.362003,-4.070608,0.5537801,0.43262404,1.391273,2.9687624,-8.820869,-3.9391425,-0.18618992,5.6194496,1.5282491,-2.609719,-0.953059,-20.421713,1.7801496,0.0048219264,4.701922,-2.5904996,43.813908,-0.6660935,-4.7359443,-5.88688,-0.77264714,1.6481798,-0.9341301,-1.9793097,8.58362,4.020782,-3.0584657,4.392426,4.4417276,-5.3662395,4.26566,4.687412,-5.6803927,-6.989815,0.22400203,1.131497,}",
    "sentiment" : "Type = dense , numRows = 25 , numCols = 1,-0.104  , 0.047  , 0.134  ,-0.114  , 0.083  , 0.028  , 0.076  ,-0.328  , 0.055  , 0.095  ,-0.218  ,-0.110  ,-0.022  , 0.068  ,-0.058  ,-0.037  ,-0.057  , 0.075  ,-0.062  , 0.125  , 0.260  , 0.120  ,-0.110  ,-0.109  , 0.016  ,"
  } ]
}
{
  "fileName" : "data/test-tweets/smol/10.jsonl",
  "tweets" : [ {
    "tweet_id" : 1133705772246786049,
    "tweet_text" : "[waking, smoky, sunrise, calgary, eery, beautiful, yycweather, sunrise, abfire]",
    "features" : {
      "numb_of_urls" : null,
      "numb_of_hashtags" : 3.0,
      "numb_of_personal_pronouns" : 0.0,
      "numb_of_present_tenses" : 0.0,
      "weighted_length" : 115.0,
      "permillage" : 410.0,
      "tweet_created_at" : 1.559131493E12,
      "tweet_id_str" : 1.13370577224678605E18,
      "positive_sentiment" : 0.0,
      "negative_sentiment" : 0.0,
      "numb_of_mentions" : 0.0,
      "numb_of_media" : 1.0,
      "numb_of_past_tenses" : 0.0,
      "numb_of_weird_chars" : 18.0,
      "numb_of_questions" : 0.0,
      "numb_of_emoticons" : 0.0,
      "numb_of_swearing_word" : 0.0,
      "numb_of_slang_words" : 0.0,
      "numb_of_intensifiers" : 0.0,
      "tweet_length" : 79.0,
      "userFollowersCount" : 15.0,
      "userFriendsCount" : 81.0,
      "user_numb_of_tweets" : 0.0,
      "user_list_count" : 0.0,
      "dict_precision" : 0.0,
      "dict_recall" : 0.0,
      "dict_f_measure" : 0.0,
      "offset" : 0.0,
      "is_verified" : 0.0
    },
    "embeddings" : "{-0.15951204,4.9538403,-6.077219,4.3047266,5.9014306,1.5473081,-5.7867303,-3.84245,-1.7952269,-0.07392007,0.2751959,-3.7325518,-0.5694299,-1.6754601,-0.04963979,1.4664811,-1.30269,2.7158072,-8.606294,-2.5790496,0.607005,8.481001,1.332468,-0.38624007,0.46727413,-11.754698,-0.10062796,5.9078608,2.9844618,-3.9468596,32.92764,-0.36361,-0.26770803,-2.299968,1.3620098,-3.7545211,-0.47710803,-0.33235994,7.0008802,4.08499,-1.2949626,4.3331995,0.4617402,-4.0654397,-0.057700038,4.974061,-2.2139752,-8.141942,0.31965557,2.302036,}",